insert into users (id, username, password, email, lastname, firstname, age, location, gender, preference, bio, powerRanking, totalAttractiveness, totalNumOfRatings, averageAttractiveness, signupcomplete) values (1, 'vpauncefoot0', '6c12a3cd28b6e5730535c2d926e619137f30f5cc', 'vpauncefoot0@theguardian.com', 'Pauncefoot', 'Vail', 1996, 26005, 2, 4, 'Distributed didactic complexity', 0, 60, 10, 6, false);
insert into users (id, username, password, email, lastname, firstname, age, location, gender, preference, bio, powerRanking, totalAttractiveness, totalNumOfRatings, averageAttractiveness, signupcomplete) values (2, 'cdevaen1', '6c12a3cd28b6e5730535c2d926e619137f30f5cc', 'cdevaen1@artisteer.com', 'de Vaen', 'Craggy', 1950, 54422, 1, 6, 'Vision-oriented national structure', 0, 60, 10, 6, true);
insert into users (id, username, password, email, lastname, firstname, age, location, gender, preference, bio, powerRanking, totalAttractiveness, totalNumOfRatings, averageAttractiveness, signupcomplete) values (3, 'mshaves2', '6c12a3cd28b6e5730535c2d926e619137f30f5cc', 'mshaves2@ocn.ne.jp', 'Shaves', 'Micheil', 1939, 49947, 3, 4, 'Configurable multi-tasking attitude', 0, 60, 10, 6, true);
insert into users (id, username, password, email, lastname, firstname, age, location, gender, preference, bio, powerRanking, totalAttractiveness, totalNumOfRatings, averageAttractiveness, signupcomplete) values (4, 'ksanthouse3', '6c12a3cd28b6e5730535c2d926e619137f30f5cc', 'ksanthouse3@fema.gov', 'Santhouse', 'Kathryn', 1987, 26628, 1, 7, 'Visionary uniform firmware', 0, 40, 10, 4, false);
insert into users (id, username, password, email, lastname, firstname, age, location, gender, preference, bio, powerRanking, totalAttractiveness, totalNumOfRatings, averageAttractiveness, signupcomplete) values (5, 'vantoney4', '6c12a3cd28b6e5730535c2d926e619137f30f5cc', 'vantoney4@google.com', 'Antoney', 'Valaree', 1983, 41875, 2, 5, 'Customizable object-oriented infrastructure', 0, 40, 10, 4, false);
insert into users (id, username, password, email, lastname, firstname, age, location, gender, preference, bio, powerRanking, totalAttractiveness, totalNumOfRatings, averageAttractiveness, signupcomplete) values (6, 'abrookson5', '6c12a3cd28b6e5730535c2d926e619137f30f5cc', 'abrookson5@chronoengine.com', 'Brookson', 'Anthony', 1964, 56510, 2, 7, 'Innovative holistic moratorium', 0, 40, 10, 4, false);
insert into users (id, username, password, email, lastname, firstname, age, location, gender, preference, bio, powerRanking, totalAttractiveness, totalNumOfRatings, averageAttractiveness, signupcomplete) values (7, 'estonhewer6', '6c12a3cd28b6e5730535c2d926e619137f30f5cc', 'estonhewer6@arizona.edu', 'Stonhewer', 'Eldredge', 1933, 45089, 2, 7, 'Reduced global hardware', 0, 10, 10, 1, false);
insert into users (id, username, password, email, lastname, firstname, age, location, gender, preference, bio, powerRanking, totalAttractiveness, totalNumOfRatings, averageAttractiveness, signupcomplete) values (8, 'kmorriss7', '6c12a3cd28b6e5730535c2d926e619137f30f5cc', 'kmorriss7@sciencedaily.com', 'Morriss', 'Kristine', 1961, 84265, 1, 6, 'Quality-focused clear-thinking matrix', 0, 70, 10, 7, false);
insert into users (id, username, password, email, lastname, firstname, age, location, gender, preference, bio, powerRanking, totalAttractiveness, totalNumOfRatings, averageAttractiveness, signupcomplete) values (9, 'gbendin8', '6c12a3cd28b6e5730535c2d926e619137f30f5cc', 'gbendin8@scribd.com', 'Bendin', 'Garald', 1959, 63620, 1, 6, 'Monitored multi-state solution', 0, 70, 10, 7, false);
insert into users (id, username, password, email, lastname, firstname, age, location, gender, preference, bio, powerRanking, totalAttractiveness, totalNumOfRatings, averageAttractiveness, signupcomplete) values (10, 'wskentelbery9', '6c12a3cd28b6e5730535c2d926e619137f30f5cc', 'wskentelbery9@seattletimes.com', 'Skentelbery', 'Willem', 1983, 94987, 2, 7, 'Secured stable capacity', 0, 80, 10, 8, true);
insert into users (id, username, password, email, lastname, firstname, age, location, gender, preference, bio, powerRanking, totalAttractiveness, totalNumOfRatings, averageAttractiveness, signupcomplete) values (11, 'bhindricha', '6c12a3cd28b6e5730535c2d926e619137f30f5cc', 'bhindricha@wikispaces.com', 'Hindrich', 'Benedetta', 1998, 85749, 2, 6, 'Progressive multimedia definition', 0, 80, 10, 8, true);
insert into users (id, username, password, email, lastname, firstname, age, location, gender, preference, bio, powerRanking, totalAttractiveness, totalNumOfRatings, averageAttractiveness, signupcomplete) values (12, 'dmathiasb', '6c12a3cd28b6e5730535c2d926e619137f30f5cc', 'dmathiasb@google.co.uk', 'Mathias', 'Damien', 1961, 62323, 2, 5, 'Right-sized impactful algorithm', 0, 50, 10, 5, true);
insert into users (id, username, password, email, lastname, firstname, age, location, gender, preference, bio, powerRanking, totalAttractiveness, totalNumOfRatings, averageAttractiveness, signupcomplete) values (13, 'eplankec', '6c12a3cd28b6e5730535c2d926e619137f30f5cc', 'eplankec@utexas.edu', 'Planke', 'Estelle', 1996, 99049, 2, 5, 'Automated 3rd generation benchmark', 0, 50, 10, 5, false);
insert into users (id, username, password, email, lastname, firstname, age, location, gender, preference, bio, powerRanking, totalAttractiveness, totalNumOfRatings, averageAttractiveness, signupcomplete) values (14, 'rbrasenerd', '6c12a3cd28b6e5730535c2d926e619137f30f5cc', 'rbrasenerd@wordpress.com', 'Brasener', 'Roseanne', 1947, 77606, 2, 6, 'Team-oriented maximized contingency', 0, 20, 10, 2, false);
insert into users (id, username, password, email, lastname, firstname, age, location, gender, preference, bio, powerRanking, totalAttractiveness, totalNumOfRatings, averageAttractiveness, signupcomplete) values (15, 'kespiee', '6c12a3cd28b6e5730535c2d926e619137f30f5cc', 'kespiee@twitpic.com', 'Espie', 'Kellie', 1976, 66720, 3, 6, 'Switchable fresh-thinking synergy', 0, 90, 10, 9, true);
insert into users (id, username, password, email, lastname, firstname, age, location, gender, preference, bio, powerRanking, totalAttractiveness, totalNumOfRatings, averageAttractiveness, signupcomplete) values (16, 'swillasf', '6c12a3cd28b6e5730535c2d926e619137f30f5cc', 'swillasf@1688.com', 'Willas', 'Susana', 1986, 45343, 3, 7, 'Object-based system-worthy knowledge user', 0, 90, 10, 9, false);
insert into users (id, username, password, email, lastname, firstname, age, location, gender, preference, bio, powerRanking, totalAttractiveness, totalNumOfRatings, averageAttractiveness, signupcomplete) values (17, 'gvallisg', '6c12a3cd28b6e5730535c2d926e619137f30f5cc', 'gvallisg@4shared.com', 'Vallis', 'Ginger', 1988, 65080, 3, 5, 'Assimilated needs-based hierarchy', 0, 10, 10, 1, true);
insert into users (id, username, password, email, lastname, firstname, age, location, gender, preference, bio, powerRanking, totalAttractiveness, totalNumOfRatings, averageAttractiveness, signupcomplete) values (18, 'athomasenh', '6c12a3cd28b6e5730535c2d926e619137f30f5cc', 'athomasenh@w3.org', 'Thomasen', 'Ashia', 1965, 83246, 3, 5, 'Multi-layered mission-critical collaboration', 0, 30, 10, 3, false);
insert into users (id, username, password, email, lastname, firstname, age, location, gender, preference, bio, powerRanking, totalAttractiveness, totalNumOfRatings, averageAttractiveness, signupcomplete) values (19, 'pkealyi', '6c12a3cd28b6e5730535c2d926e619137f30f5cc', 'pkealyi@google.co.jp', 'Kealy', 'Patrick', 1942, 93543, 3, 5, 'Enhanced object-oriented Graphical User Interface', 0, 30, 10, 3, false);
insert into users (id, username, password, email, lastname, firstname, age, location, gender, preference, bio, powerRanking, totalAttractiveness, totalNumOfRatings, averageAttractiveness, signupcomplete) values (20, 'rwatheyj', '6c12a3cd28b6e5730535c2d926e619137f30f5cc', 'rwatheyj@live.com', 'Wathey', 'Reinold', 1994, 75066, 2, 5, 'Implemented user-facing parallelism', 0, 20, 10, 2, true);
insert into users (id, username, password, email, lastname, firstname, age, location, gender, preference, bio, powerRanking, totalAttractiveness, totalNumOfRatings, averageAttractiveness, signupcomplete) values (21, 'massandrik', '6c12a3cd28b6e5730535c2d926e619137f30f5cc', 'massandrik@about.me', 'Assandri', 'Miranda', 1973, 47198, 3, 6, 'Operative dynamic capacity', 0, 90, 10, 9, true);
insert into users (id, username, password, email, lastname, firstname, age, location, gender, preference, bio, powerRanking, totalAttractiveness, totalNumOfRatings, averageAttractiveness, signupcomplete) values (22, 'ogodilingtonl', '6c12a3cd28b6e5730535c2d926e619137f30f5cc', 'ogodilingtonl@fda.gov', 'Godilington', 'Odelia', 1986, 61293, 3, 6, 'User-friendly mobile firmware', 0, 90, 10, 9, false);
insert into users (id, username, password, email, lastname, firstname, age, location, gender, preference, bio, powerRanking, totalAttractiveness, totalNumOfRatings, averageAttractiveness, signupcomplete) values (23, 'esousterm', '6c12a3cd28b6e5730535c2d926e619137f30f5cc', 'esousterm@yahoo.com', 'Souster', 'Eduino', 1990, 89261, 2, 6, 'Open-source multimedia Graphic Interface', 0, 100, 10, 10, false);
insert into users (id, username, password, email, lastname, firstname, age, location, gender, preference, bio, powerRanking, totalAttractiveness, totalNumOfRatings, averageAttractiveness, signupcomplete) values (24, 'rbaalhamn', '6c12a3cd28b6e5730535c2d926e619137f30f5cc', 'rbaalhamn@goo.ne.jp', 'Baalham', 'Rory', 1978, 10853, 1, 5, 'Operative heuristic Graphic Interface', 0, 100, 10, 10, true);
insert into users (id, username, password, email, lastname, firstname, age, location, gender, preference, bio, powerRanking, totalAttractiveness, totalNumOfRatings, averageAttractiveness, signupcomplete) values (25, 'dauldso', '6c12a3cd28b6e5730535c2d926e619137f30f5cc', 'dauldso@ustream.tv', 'Aulds', 'Dorie', 1940, 59045, 2, 7, 'Open-source attitude-oriented infrastructure', 0, 100, 10, 10, false);

insert into match (id, user1_id, user2_id) values (1, 7, 25);
insert into match (id, user1_id, user2_id) values (2, 6, 25);
insert into match (id, user1_id, user2_id) values (3, 10, 22);
insert into match (id, user1_id, user2_id) values (4, 8, 16);
insert into match (id, user1_id, user2_id) values (5, 2, 25);
insert into match (id, user1_id, user2_id) values (6, 3, 21);
insert into match (id, user1_id, user2_id) values (7, 4, 23);
insert into match (id, user1_id, user2_id) values (8, 1, 16);
insert into match (id, user1_id, user2_id) values (9, 4, 14);
insert into match (id, user1_id, user2_id) values (10, 7, 15);
insert into match (id, user1_id, user2_id) values (11, 12, 16);
insert into match (id, user1_id, user2_id) values (12, 13, 22);
insert into match (id, user1_id, user2_id) values (13, 8, 19);
insert into match (id, user1_id, user2_id) values (14, 12, 16);
insert into match (id, user1_id, user2_id) values (15, 4, 25);

insert into outcomes (id, userid, matchid, decision) values (1, 24, 2, 'approved');
insert into outcomes (id, userid, matchid, decision) values (2, 5, 4, 'approved');
insert into outcomes (id, userid, matchid, decision) values (3, 8, 15, 'approved');
insert into outcomes (id, userid, matchid, decision) values (4, 1, 6, 'approved');
insert into outcomes (id, userid, matchid, decision) values (5, 15, 10, 'approved');
insert into outcomes (id, userid, matchid, decision) values (6, 12, 15, 'approved');
insert into outcomes (id, userid, matchid, decision) values (7, 2, 2, 'approved');
insert into outcomes (id, userid, matchid, decision) values (8, 20, 11, 'approved');
insert into outcomes (id, userid, matchid, decision) values (9, 7, 1, 'approved');
insert into outcomes (id, userid, matchid, decision) values (10, 16, 8, 'approved');
insert into outcomes (id, userid, matchid, decision) values (11, 8, 6, 'approved');
insert into outcomes (id, userid, matchid, decision) values (12, 17, 15, 'approved');
insert into outcomes (id, userid, matchid, decision) values (13, 13, 9, 'approved');
insert into outcomes (id, userid, matchid, decision) values (14, 1, 7, 'approved');
insert into outcomes (id, userid, matchid, decision) values (15, 15, 14, 'approved');
insert into outcomes (id, userid, matchid, decision) values (16, 17, 14, 'approved');
insert into outcomes (id, userid, matchid, decision) values (17, 18, 12, 'approved');
insert into outcomes (id, userid, matchid, decision) values (18, 4, 5, 'approved');
insert into outcomes (id, userid, matchid, decision) values (19, 11, 4, 'approved');
insert into outcomes (id, userid, matchid, decision) values (20, 11, 11, 'approved');
insert into outcomes (id, userid, matchid, decision) values (21, 20, 10, 'approved');
insert into outcomes (id, userid, matchid, decision) values (22, 22, 13, 'approved');
insert into outcomes (id, userid, matchid, decision) values (23, 1, 10, 'approved');
insert into outcomes (id, userid, matchid, decision) values (24, 17, 15, 'approved');
insert into outcomes (id, userid, matchid, decision) values (25, 25, 9, 'approved');
insert into outcomes (id, userid, matchid, decision) values (26, 8, 2, 'approved');
insert into outcomes (id, userid, matchid, decision) values (27, 15, 7, 'approved');
insert into outcomes (id, userid, matchid, decision) values (28, 25, 5, 'approved');
insert into outcomes (id, userid, matchid, decision) values (29, 5, 14, 'approved');
insert into outcomes (id, userid, matchid, decision) values (30, 5, 15, 'approved');
insert into outcomes (id, userid, matchid, decision) values (31, 5, 12, 'approved');
insert into outcomes (id, userid, matchid, decision) values (32, 20, 13, 'approved');
insert into outcomes (id, userid, matchid, decision) values (33, 7, 15, 'approved');
insert into outcomes (id, userid, matchid, decision) values (34, 5, 4, 'approved');
insert into outcomes (id, userid, matchid, decision) values (35, 9, 13, 'rejected');
insert into outcomes (id, userid, matchid, decision) values (36, 18, 10, 'rejected');
insert into outcomes (id, userid, matchid, decision) values (37, 5, 4, 'rejected');
insert into outcomes (id, userid, matchid, decision) values (38, 25, 5, 'rejected');
insert into outcomes (id, userid, matchid, decision) values (39, 12, 12, 'rejected');
insert into outcomes (id, userid, matchid, decision) values (40, 24, 13, 'rejected');
insert into outcomes (id, userid, matchid, decision) values (41, 5, 14, 'rejected');
insert into outcomes (id, userid, matchid, decision) values (42, 17, 11, 'rejected');
insert into outcomes (id, userid, matchid, decision) values (43, 22, 14, 'rejected');
insert into outcomes (id, userid, matchid, decision) values (44, 2, 8, 'rejected');
insert into outcomes (id, userid, matchid, decision) values (45, 13, 7, 'rejected');
insert into outcomes (id, userid, matchid, decision) values (46, 17, 6, 'rejected');
insert into outcomes (id, userid, matchid, decision) values (47, 25, 13, 'rejected');
insert into outcomes (id, userid, matchid, decision) values (48, 20, 14, 'rejected');
insert into outcomes (id, userid, matchid, decision) values (49, 19, 5, 'rejected');
insert into outcomes (id, userid, matchid, decision) values (50, 10, 15, 'rejected');

insert into stagetwo (id, matchid) values (2, 12);
insert into stagetwo (id, matchid) values (3, 8);
insert into stagetwo (id, matchid) values (4, 12);
insert into stagetwo (id, matchid) values (5, 6);
insert into stagetwo (id, matchid) values (6, 13);
insert into stagetwo (id, matchid) values (1, 9);
insert into stagetwo (id, matchid) values (7, 6);
insert into stagetwo (id, matchid) values (8, 1);
insert into stagetwo (id, matchid) values (9, 8);
insert into stagetwo (id, matchid) values (10, 1);